0,nospec_no_specifier_test,1637084325,0
1,nospec_empty_string,1637084325,0
2,nospec_some_escaped_chars,1637084325,0
3,nospec_successive_5_5,1637084325,0
4,nospec_successive_2_9,1637084325,0
5,nospec_successive_8_3,1637084325,0
6,pct_basic,1637084325,0
7,pct_5w,1637084325,0
8,pct_5wlj,1637084325,0
9,pct_5wzp,1637084325,0
10,pct_5wljzp,1637084325,0
16,c_allprintable_combined,1637084325,1637084055
17,c_1_31_combined,1637084325,1637084055
18,c_128_255_combined,1637084325,1637084055
19,c_allprintable_width,1637084325,1637084055
20,c_1_31_width,1637084325,1637084055
21,c_128_255_width,1637084325,1637084055
22,c_allprintable_width_lj,1637084325,1637084055
23,c_1_31_width_lj,1637084325,1637084055
24,c_128_255_width_lj,1637084325,1637084055
25,c_nullterm_basic,1637084325,0
26,c_nullterm_5w,1637084325,0
27,c_nullterm_5wlj,1637084325,0
28,s_basic_string_expansion,1637084325,1637084055
29,s_only_string_expansion,1637084325,1637084055
30,s_two_string_expansions,1637084325,1637084055
31,s_two_string_expansions2,1637084325,1637084055
32,s_empty_string_expansion,1637084325,1637084055
33,s_full_then_empty_string,1637084325,1637084055
34,s_empty_then_full_string,1637084325,1637084055
35,s_three_strings,1637084325,1637084055
36,s_space_padded_field_width,1637084325,1637084055
37,s_space_padded_field_width2,1637084325,1637084055
38,s_space_padded_over_field_width,1637084325,1637084055
39,s_space_padded_field_width_lj,1637084325,1637084055
40,s_space_padded_field_width2_lj,1637084325,1637084055
41,s_space_padded_over_field_width_lj,1637084325,1637084055
42,s_string_prec_notrunc,1637084325,1637084055
43,s_string_prec_trunc,1637084325,1637084055
44,s_string_prec_default,1637084325,0
45,s_string_prec_zero,1637084325,0
46,s_two_strings_prec_2trunc,1637084325,1637084055
47,s_two_strings_prec_1trunc_a,1637084325,1637084055
48,s_two_strings_prec_1trunc_b,1637084325,1637084055
49,s_two_strings_prec_0trunc,1637084325,1637084055
50,s_string_prec_width_notrunc,1637084325,1637084055
51,s_string_prec_width_trunc,1637084325,1637084055
52,s_string_prec_width_notrunc_lj,1637084325,1637084055
53,s_string_prec_width_trunc_lj,1637084325,1637084055
54,s_two_s_prec_width_2fit_0trunc,1637084325,1637084055
55,s_two_s_prec_width_1fit_a_0trunc,1637084325,1637084055
56,s_two_s_prec_width_1fit_b_0trunc,1637084325,1637084055
57,s_two_s_prec_width_0fit_0trunc,1637084325,1637084055
58,s_two_s_prec_width_2fit_1trunc_a,1637084325,1637084055
59,s_two_s_prec_width_1fit_a_1trunc_a,1637084325,1637084055
60,s_two_s_prec_width_1fit_b_1trunc_a,1637084325,1637084055
61,s_two_s_prec_width_0fit_1trunc_a,1637084325,1637084055
62,s_two_s_prec_width_2fit_1trunc_b,1637084325,1637084055
63,s_two_s_prec_width_1fit_a_1trunc_b,1637084325,1637084055
64,s_two_s_prec_width_1fit_b_1trunc_b,1637084325,1637084055
65,s_two_s_prec_width_0fit_1trunc_b,1637084325,1637084055
66,s_two_s_prec_width_2fit_2trunc,1637084325,1637084055
67,s_two_s_prec_width_1fit_a_2trunc,1637084325,1637084055
68,s_two_s_prec_width_1fit_b_2trunc,1637084325,1637084055
69,s_two_s_prec_width_0fit_2trunc,1637084325,1637084055
70,s_two_s_prec_width_2trunc,1637084325,1637084055
71,s_two_strings_lj_and_rj,1637084325,1637084055
72,s_two_strings_rj_and_lj,1637084325,1637084055
73,s_null_basic_string_expansion,1637084325,0
74,s_null_only_string_expansion,1637084325,0
75,s_null_space_padded_field_width,1637084325,0
76,s_null_space_padded_over_field_width,1637084325,0
77,s_null_space_padded_field_width_lj,1637084325,0
78,s_null_space_padded_field_width2_lj,1637084325,0
79,s_null_space_padded_over_field_width_lj,1637084325,0
80,s_null_string_prec_notrunc,1637084325,1637084055
81,s_null_string_prec_trunc,1637084325,1637084055
82,s_null_string_prec_default,1637084325,0
83,s_null_string_prec_zero,1637084325,0
84,s_basic_s_hidden,1637084325,1637084055
85,s_width_3_s_hidden,1637084325,1637084055
86,s_width_9_s_hidden,1637084325,1637084055
87,s_prec_no_width_s_hidden,1637084325,0
88,s_prec_9_no_width_s_hidden,1637084325,1637084055
89,s_prec_03_no_width_s_hidden,1637084325,1637084055
90,s_prec_09_no_width_s_hidden,1637084325,1637084055
91,s_prec_03_no_width_s_null,1637084325,0
92,s_prec_09_no_width_s_null,1637084325,0
93,s_prec_00_no_width_s_nullchar,1637084325,0
94,s_prec_01_no_width_s_nullchar,1637084325,1637084055
95,s_prec_03_no_width_s_nullchar,1637084325,1637084055
96,s_prec_09_no_width_s_nullchar,1637084325,1637084055
97,s_prec_0_width_3_s_hidden,1637084325,0
98,s_prec_0_width_10_s_hidden,1637084325,0
99,s_prec_0_width_3_s_null,1637084325,0
100,s_prec_0_width_10_s_null,1637084325,0
101,s_prec_0_width_1_s_nullchar,1637084325,0
102,s_prec_0_width_2_s_nullchar,1637084325,0
103,s_prec_0_width_9_s_nullchar,1637084325,0
104,s_prec_0_lj_width_3_s_hidden,1637084325,0
105,s_prec_0_lj_width_8_s_hidden,1637084325,0
106,s_prec_0_lj_width_3_s_null,1637084325,0
107,s_prec_0_lj_width_8_s_null,1637084325,0
108,s_prec_0_lj_width_1_s_nullchar,1637084325,0
109,s_prec_0_lj_width_2_s_nullchar,1637084325,0
110,s_prec_0_lj_width_6_s_nullchar,1637084325,0
111,s_prec_1_width_3_s_hidden,1637084325,1637084055
112,s_prec_1_width_10_s_hidden,1637084325,1637084055
113,s_prec_1_width_3_s_null,1637084325,0
114,s_prec_1_width_9_s_null,1637084325,0
115,s_prec_1_lj_width_3_s_hidden,1637084325,1637084055
116,s_prec_1_lj_width_10_s_hidden,1637084325,1637084055
117,s_prec_1_lj_width_3_s_null,1637084325,0
118,s_prec_1_lj_width_9_s_null,1637084325,0
119,s_prec_1_lj_width_3_s_nullchar,1637084325,1637084055
120,s_prec_1_lj_width_6_s_nullchar,1637084325,1637084055
121,s_prec_perfect_width_3_s_hidden,1637084325,1637084055
122,s_prec_perfect_width_20_s_hidden,1637084325,1637084055
123,s_prec_perfect_width_3_s_null,1637084325,0
124,s_prec_perfect_width_20_s_null,1637084325,0
125,s_prec_perfect_width_3_s_nullchar,1637084325,1637084055
126,s_prec_perfect_width_6_s_nullchar,1637084325,1637084055
127,s_prec_perfect_lj_width_3_s_hidden,1637084325,1637084055
128,s_prec_perfect_lj_width_20_s_hidden,1637084325,1637084055
129,s_prec_8_lj_width_3_s_hidden,1637084325,1637084055
130,s_prec_8_lj_width_10_s_hidden,1637084325,1637084055
131,s_prec_8_lj_width_3_s_null,1637084325,0
132,s_prec_8_lj_width_10_s_null,1637084325,0
133,s_prec_00_lj_s_hidden_trunc,1637084325,0
134,s_prec_09_lj_s_hidden_notrunc,1637084325,1637084055
173,p_null,1637084325,0
178,p_ftfc_5w_throwswarning,1637084325,0
179,p_basic,1637084325,1637084055
180,p_width_fit,1637084325,1637084055
181,p_width_nofit,1637084325,1637084055
182,p_width_16,1637084325,1637084055
183,p_width_8,1637084325,1637084055
184,p_width_32,1637084325,1637084055
185,p_width_fit_lj,1637084325,1637084055
186,p_width_nofit_lj,1637084325,1637084055
187,p_width_16_lj,1637084325,1637084055
188,p_width_8_lj,1637084325,1637084055
189,p_width_32_lj,1637084325,1637084055
190,d_basic_pos,1637084325,1637084055
191,d_basic_neg,1637084325,1637084055
192,d_basic_zero,1637084325,0
193,d_basic_onlypos,1637084325,1637084055
194,d_basic_onlyneg,1637084325,1637084055
195,d_basic_onlyzero,1637084325,0
196,d_intmax,1637084325,1637084055
197,d_intmin,1637084325,1637084055
198,d_width_pos_fits,1637084325,1637084055
199,d_width_neg_fits,1637084325,1637084055
200,d_width_zero_fits,1637084325,0
201,d_width_pos_exactfit,1637084325,1637084055
202,d_width_neg_exactfit,1637084325,1637084055
203,d_width_pos_nofit,1637084325,1637084055
204,d_width_neg_nofit,1637084325,1637084055
205,d_width_pos_fits_lj,1637084325,1637084055
206,d_width_neg_fits_lj,1637084325,1637084055
207,d_width_zero_fits_lj,1637084325,0
208,d_width_pos_exactfit_lj,1637084325,1637084055
209,d_width_neg_exactfit_lj,1637084325,1637084055
210,d_width_pos_nofit_lj,1637084325,1637084055
211,d_width_neg_nofit_lj,1637084325,1637084055
212,d_prec_fits_pos,1637084325,1637084055
213,d_prec_fits_neg,1637084325,1637084055
214,d_prec_fits_zero,1637084325,0
215,d_prec_exactfit_pos,1637084325,1637084055
216,d_prec_exactfit_neg,1637084325,1637084055
217,d_prec_nofit_pos,1637084325,1637084055
218,d_prec_nofit_neg,1637084325,1637084055
219,d_zp_pos_fits,1637084325,1637084055
220,d_zp_neg_fits,1637084325,1637084055
221,d_zp_zero_fits,1637084325,0
222,d_zp_pos_exactfit,1637084325,1637084055
223,d_zp_neg_exactfit,1637084325,1637084055
224,d_zp_neg_minus1fit,1637084325,1637084055
225,d_prec_width_fit_fit_pos,1637084325,1637084055
226,d_prec_width_fit_fit_neg,1637084325,1637084055
227,d_prec_width_fit_fit_zero,1637084325,0
228,d_prec_width_nofit_fit_pos,1637084325,1637084055
229,d_prec_width_nofit_fit_neg,1637084325,1637084055
230,d_prec_width_fit_nofit_pos,1637084325,1637084055
231,d_prec_width_fit_nofit_neg,1637084325,1637084055
232,d_prec_width_nofit_nofit_pos,1637084325,1637084055
233,d_prec_width_nofit_nofit_neg,1637084325,1637084055
234,d_prec_width_fit_fit_pos_lj,1637084325,1637084055
235,d_prec_width_fit_fit_neg_lj,1637084325,1637084055
236,d_prec_width_fit_fit_zero_lj,1637084325,0
237,d_prec_width_nofit_fit_pos_lj,1637084325,1637084055
238,d_prec_width_nofit_fit_neg_lj,1637084325,1637084055
239,d_prec_width_fit_nofit_pos_lj,1637084325,1637084055
240,d_prec_width_fit_nofit_neg_lj,1637084325,1637084055
241,d_prec_width_nofit_nofit_pos_lj,1637084325,1637084055
242,d_prec_width_nofit_nofit_neg_lj,1637084325,1637084055
243,d_prec_width_ff_pos_zp,1637084325,1637084055
244,d_prec_width_ff_neg_zp,1637084325,1637084055
245,d_prec_width_ff_zero_zp,1637084325,0
246,d_prec_width_nf_pos_zp,1637084325,1637084055
247,d_prec_width_nf_neg_zp,1637084325,1637084055
248,d_prec_width_fn_pos_zp,1637084325,1637084055
249,d_prec_width_fn_neg_zp,1637084325,1637084055
250,d_prec_width_nn_pos_zp,1637084325,1637084055
251,d_prec_width_nn_neg_zp,1637084325,1637084055
252,d_prec_width_ff_pos_lj_zp_ignoreflag,1637084325,1637084055
253,d_prec_width_ff_neg_ljzp_ignoreflag,1637084325,1637084055
254,d_prec_width_ff_zero_ljzp_ignoreflag,1637084325,0
255,d_prec_width_nf_pos_ljzp_ignoreflag,1637084325,1637084055
256,d_prec_width_nf_neg_ljzp_ignoreflag,1637084325,1637084055
257,d_prec_width_fn_pos_ljzp_ignoreflag,1637084325,1637084055
258,d_prec_width_fn_neg_ljzp_ignoreflag,1637084325,1637084055
259,d_prec_width_nn_pos_ljzp_ignoreflag,1637084325,1637084055
260,d_prec_width_nn_neg_ljzp_ignoreflag,1637084325,1637084055
261,d_prec0val0_basic,1637084325,0
262,d_prec0val0_implicit,1637084325,0
263,d_prec0val0_w,1637084325,0
264,d_prec0val0_w_impl,1637084325,0
265,d_prec0val0_wlj,1637084325,0
266,d_prec0val0_wlj_impl,1637084325,0
267,i_basic_pos,1637084325,1637084055
268,i_basic_neg,1637084325,1637084055
269,i_basic_zero,1637084325,0
270,i_basic_onlypos,1637084325,1637084055
271,i_basic_onlyneg,1637084325,1637084055
272,i_basic_onlyzero,1637084325,0
273,i_intmax,1637084325,1637084055
274,i_intmin,1637084325,1637084055
275,i_width_pos_fits,1637084325,1637084055
276,i_width_neg_fits,1637084325,1637084055
277,i_width_zero_fits,1637084325,0
278,i_width_pos_exactfit,1637084325,1637084055
279,i_width_neg_exactfit,1637084325,1637084055
280,i_width_pos_nofit,1637084325,1637084055
281,i_width_neg_nofit,1637084325,1637084055
282,i_width_pos_fits_lj,1637084325,1637084055
283,i_width_neg_fits_lj,1637084325,1637084055
284,i_width_zero_fits_lj,1637084325,0
285,i_width_pos_exactfit_lj,1637084325,1637084055
286,i_width_neg_exactfit_lj,1637084325,1637084055
287,i_width_pos_nofit_lj,1637084325,1637084055
288,i_width_neg_nofit_lj,1637084325,1637084055
289,i_prec_fits_pos,1637084325,1637084055
290,i_prec_fits_neg,1637084325,1637084055
291,i_prec_fits_zero,1637084325,0
292,i_prec_exactfit_pos,1637084325,1637084055
293,i_prec_exactfit_neg,1637084325,1637084055
294,i_prec_nofit_pos,1637084325,1637084055
295,i_prec_nofit_neg,1637084325,1637084055
296,i_zp_pos_fits,1637084325,1637084055
297,i_zp_neg_fits,1637084325,1637084055
298,i_zp_zero_fits,1637084325,0
299,i_zp_pos_exactfit,1637084325,1637084055
300,i_zp_neg_exactfit,1637084325,1637084055
301,i_zp_neg_minus1fit,1637084325,1637084055
302,i_prec_width_fit_fit_pos,1637084325,1637084055
303,i_prec_width_fit_fit_neg,1637084325,1637084055
304,i_prec_width_fit_fit_zero,1637084325,0
305,i_prec_width_nofit_fit_pos,1637084325,1637084055
306,i_prec_width_nofit_fit_neg,1637084325,1637084055
307,i_prec_width_fit_nofit_pos,1637084325,1637084055
308,i_prec_width_fit_nofit_neg,1637084325,1637084055
309,i_prec_width_nofit_nofit_pos,1637084325,1637084055
310,i_prec_width_nofit_nofit_neg,1637084325,1637084055
311,i_prec_width_fit_fit_pos_lj,1637084325,1637084055
312,i_prec_width_fit_fit_neg_lj,1637084325,1637084055
313,i_prec_width_fit_fit_zero_lj,1637084325,0
314,i_prec_width_nofit_fit_pos_lj,1637084325,1637084055
315,i_prec_width_nofit_fit_neg_lj,1637084325,1637084055
316,i_prec_width_fit_nofit_pos_lj,1637084325,1637084055
317,i_prec_width_fit_nofit_neg_lj,1637084325,1637084055
318,i_prec_width_nofit_nofit_pos_lj,1637084325,1637084055
319,i_prec_width_nofit_nofit_neg_lj,1637084325,1637084055
320,i_prec_width_ff_pos_zp,1637084325,1637084055
321,i_prec_width_ff_neg_zp,1637084325,1637084055
322,i_prec_width_ff_zero_zp,1637084325,0
323,i_prec_width_nf_pos_zp,1637084325,1637084055
324,i_prec_width_nf_neg_zp,1637084325,1637084055
325,i_prec_width_fn_pos_zp,1637084325,1637084055
326,i_prec_width_fn_neg_zp,1637084325,1637084055
327,i_prec_width_nn_pos_zp,1637084325,1637084055
328,i_prec_width_nn_neg_zp,1637084325,1637084055
329,i_prec_width_ff_pos_lj_zp_ignoreflag,1637084325,1637084055
330,i_prec_width_ff_neg_ljzp_ignoreflag,1637084325,1637084055
331,i_prec_width_ff_zero_ljzp_ignoreflag,1637084325,0
332,i_prec_width_nf_pos_ljzp_ignoreflag,1637084325,1637084055
333,i_prec_width_nf_neg_ljzp_ignoreflag,1637084325,1637084055
334,i_prec_width_fn_pos_ljzp_ignoreflag,1637084325,1637084055
335,i_prec_width_fn_neg_ljzp_ignoreflag,1637084325,1637084055
336,i_prec_width_nn_pos_ljzp_ignoreflag,1637084325,1637084055
337,i_prec_width_nn_neg_ljzp_ignoreflag,1637084325,1637084055
338,i_prec0val0_basic,1637084325,0
339,i_prec0val0_implicit,1637084325,0
340,i_prec0val0_w,1637084325,0
341,i_prec0val0_w_impl,1637084325,0
342,i_prec0val0_wlj,1637084325,0
343,i_prec0val0_wlj_impl,1637084325,0
344,u_basic_pos,1637084325,1637084055
345,u_basic_zero,1637084325,0
346,u_basic_onlypos,1637084325,1637084055
347,u_uintmax,1637084325,1637084055
348,u_width_pos_fits,1637084325,1637084055
349,u_width_zero_fits,1637084325,0
350,u_width_pos_exactfit,1637084325,1637084055
351,u_width_pos_nofit,1637084325,1637084055
352,u_width_pos_fits_lj,1637084325,1637084055
353,u_width_zero_fits_lj,1637084325,0
354,u_width_pos_exactfit_lj,1637084325,1637084055
355,u_width_pos_nofit_lj,1637084325,1637084055
356,u_prec_fits_pos,1637084325,1637084055
357,u_prec_fits_zero,1637084325,0
358,u_prec_exactfit_pos,1637084325,1637084055
359,u_prec_nofit_pos,1637084325,1637084055
360,u_zp_pos_fits,1637084325,1637084055
361,u_zp_zero_fits,1637084325,0
362,u_zp_pos_exactfit,1637084325,1637084055
363,u_prec_width_fit_fit_pos,1637084325,1637084055
364,u_prec_width_fit_fit_zero,1637084325,0
365,u_prec_width_nofit_fit_pos,1637084325,1637084055
366,u_prec_width_fit_nofit_pos,1637084325,1637084055
367,u_prec_width_nofit_nofit_pos,1637084325,1637084055
368,u_prec_width_fit_fit_pos_lj,1637084325,1637084055
369,u_prec_width_fit_fit_zero_lj,1637084325,0
370,u_prec_width_nofit_fit_pos_lj,1637084325,1637084055
371,u_prec_width_fit_nofit_pos_lj,1637084325,1637084055
372,u_prec_width_nofit_nofit_pos_lj,1637084325,1637084055
373,u_prec_width_ff_pos_zp,1637084325,1637084055
374,u_prec_width_ff_zero_zp,1637084325,0
375,u_prec_width_nf_pos_zp,1637084325,1637084055
376,u_prec_width_fn_pos_zp,1637084325,1637084055
377,u_prec_width_nn_pos_zp,1637084325,1637084055
378,u_prec_width_ff_pos_ljzp_ignoreflag,1637084325,1637084055
379,u_prec_width_ff_zero_ljzp_ignoreflag,1637084325,0
380,u_prec_width_nf_pos_ljzp_ignoreflag,1637084325,1637084055
381,u_prec_width_fn_pos_ljzp_ignoreflag,1637084325,1637084055
382,u_prec_width_nn_pos_ljzp_ignoreflag,1637084325,1637084055
383,u_prec0val0_basic,1637084325,0
384,u_prec0val0_implicit,1637084325,0
385,u_prec0val0_w,1637084325,0
386,u_prec0val0_w_impl,1637084325,0
387,u_prec0val0_wlj,1637084325,0
388,u_prec0val0_wlj_impl,1637084325,0
389,x_basic_pos,1637084325,1637084055
390,x_basic_zero,1637084325,0
391,x_basic_onlypos,1637084325,1637084055
392,x_hexlmax,1637084325,1637084055
393,x_width_pos_fits,1637084325,1637084055
394,x_width_zero_fits,1637084325,0
395,x_width_pos_exactfit,1637084325,1637084055
396,x_width_pos_nofit,1637084325,1637084055
397,x_width_pos_fits_lj,1637084325,1637084055
398,x_width_zero_fits_lj,1637084325,0
399,x_width_pos_exactfit_lj,1637084325,1637084055
400,x_width_pos_nofit_lj,1637084325,1637084055
401,x_prec_fits_pos,1637084325,1637084055
402,x_prec_fits_zero,1637084325,0
403,x_prec_exactfit_pos,1637084325,1637084055
404,x_prec_nofit_pos,1637084325,1637084055
405,x_zp_pos_fits,1637084325,1637084055
406,x_zp_zero_fits,1637084325,0
407,x_zp_pos_exactfit,1637084325,1637084055
408,x_prec_width_fit_fit_pos,1637084325,1637084055
409,x_prec_width_fit_fit_zero,1637084325,0
410,x_prec_width_nofit_fit_pos,1637084325,1637084055
411,x_prec_width_fit_nofit_pos,1637084325,1637084055
412,x_prec_width_nofit_nofit_pos,1637084325,1637084055
413,x_prec_width_fit_fit_pos_lj,1637084325,1637084055
414,x_prec_width_fit_fit_zero_lj,1637084325,0
415,x_prec_width_nofit_fit_pos_lj,1637084325,1637084055
416,x_prec_width_fit_nofit_pos_lj,1637084325,1637084055
417,x_prec_width_nofit_nofit_pos_lj,1637084325,1637084055
418,x_prec_width_ff_pos_zp,1637084325,1637084055
419,x_prec_width_ff_zero_zp,1637084325,0
420,x_prec_width_nf_pos_zp,1637084325,1637084055
421,x_prec_width_fn_pos_zp,1637084325,1637084055
422,x_prec_width_nn_pos_zp,1637084325,1637084055
423,x_prec_width_ff_pos_ljzp_ignoreflag,1637084325,1637084055
424,x_prec_width_ff_zero_ljzp_ignoreflag,1637084325,0
425,x_prec_width_nf_pos_ljzp_ignoreflag,1637084325,1637084055
426,x_prec_width_fn_pos_ljzp_ignoreflag,1637084325,1637084055
427,x_prec_width_nn_pos_ljzp_ignoreflag,1637084325,1637084055
428,x_prec0val0_basic,1637084325,0
429,x_prec0val0_implicit,1637084325,0
430,x_prec0val0_w,1637084325,0
431,x_prec0val0_w_impl,1637084325,0
432,x_prec0val0_wlj,1637084325,0
433,x_prec0val0_wlj_impl,1637084325,0
434,X_basic_hexu_pos,1637084325,1637084055
435,X_basic_hexu_zero,1637084325,0
436,X_basic_hexu_onlypos,1637084325,1637084055
437,X_hexumax,1637084325,1637084055
438,X_width_pos_fits,1637084325,1637084055
439,X_width_zero_fits,1637084325,0
440,X_width_pos_exactfit,1637084325,1637084055
441,X_width_pos_nofit,1637084325,1637084055
442,X_width_pos_fits_lj,1637084325,1637084055
443,X_width_zero_fits_lj,1637084325,0
444,X_width_pos_exactfit_lj,1637084325,1637084055
445,X_width_pos_nofit_lj,1637084325,1637084055
446,X_prec_fits_pos,1637084325,1637084055
447,X_prec_fits_zero,1637084325,0
448,X_prec_exactfit_pos,1637084325,1637084055
449,X_prec_nofit_pos,1637084325,1637084055
450,X_zp_pos_fits,1637084325,1637084055
451,X_zp_zero_fits,1637084325,0
452,X_zp_pos_exactfit,1637084325,1637084055
453,X_prec_width_fit_fit_pos,1637084325,1637084055
454,X_prec_width_fit_fit_zero,1637084325,0
455,X_prec_width_nofit_fit_pos,1637084325,1637084055
456,X_prec_width_fit_nofit_pos,1637084325,1637084055
457,X_prec_width_nofit_nofit_pos,1637084325,1637084055
458,X_prec_width_fit_fit_pos_lj,1637084325,1637084055
459,X_prec_width_fit_fit_zero_lj,1637084325,0
460,X_prec_width_nofit_fit_pos_lj,1637084325,1637084055
461,X_prec_width_fit_nofit_pos_lj,1637084325,1637084055
462,X_prec_width_nofit_nofit_pos_lj,1637084325,1637084055
463,X_prec_width_ff_pos_zp,1637084325,1637084055
464,X_prec_width_ff_zero_zp,1637084325,0
465,X_prec_width_nf_pos_zp,1637084325,1637084055
466,X_prec_width_fn_pos_zp,1637084325,1637084055
467,X_prec_width_nn_pos_zp,1637084325,1637084055
468,X_prec_width_ff_pos_ljzp_ignoreflag,1637084325,1637084055
469,X_prec_width_ff_zero_ljzp_ignoreflag,1637084325,0
470,X_prec_width_nf_pos_ljzp_ignoreflag,1637084325,1637084055
471,X_prec_width_fn_pos_ljzp_ignoreflag,1637084325,1637084055
472,X_prec_width_nn_pos_ljzp_ignoreflag,1637084325,1637084055
473,X_prec0val0_basic,1637084325,0
474,X_prec0val0_implicit,1637084325,0
475,X_prec0val0_w,1637084325,0
476,X_prec0val0_w_impl,1637084325,0
477,X_prec0val0_wlj,1637084325,0
478,X_prec0val0_wlj_impl,1637084325,0
479,new2019_star_1,1637084325,1637084055
480,new2019_star_2,1637084325,1637084055
481,new2019_star_3,1637084325,1637084055
482,new2019_star_4,1637084325,1637084055
483,new2019_star_5,1637084325,0
484,new2019_star_6,1637084325,1637084055
485,new2019_star_7,1637084325,1637084055
486,new2019_star_8,1637084325,1637084055
487,new2019_star_9,1637084325,1637084055
488,new2019_star_10,1637084325,1637084055
489,new2019_negstar_1,1637084325,1637084055
490,new2019_negstar_2,1637084325,1637084055
491,new2019_negstar_3,1637084325,1637084055
492,new2019_negstar_4,1637084325,1637084055
493,new2019_negstar_5,1637084325,1637084055
494,new2019_negstar_6,1637084325,1637084055
495,new2019_negstar_7,1637084325,1637084055
496,new2019_negstar_8,1637084325,1637084055
497,new2019_negstar_9,1637084325,1637084055
548,moul_c_1,1637084325,1637084055
549,moul_c_2,1637084325,1637084055
550,moul_c_3,1637084325,1637084055
551,moul_c_4,1637084325,0
552,moul_c_5,1637084325,0
553,moul_c_5b,1637084325,1637084055
554,moul_c_6,1637084325,1637084055
555,moul_c_7,1637084325,1637084055
556,moul_c_8,1637084325,1637084055
557,moul_c_9,1637084325,1637084055
558,moul_c_10,1637084325,1637084055
559,moul_c_11,1637084325,1637084055
560,moul_c_12,1637084325,1637084055
561,moul_c_13,1637084325,1637084055
562,moul_c_14,1637084325,1637084055
563,moul_c_15,1637084325,1637084055
564,moul_c_16,1637084325,1637084055
565,moul_c_17,1637084325,1637084055
566,moul_c_18,1637084325,1637084055
567,moul_c_19,1637084325,1637084055
568,moul_c_20,1637084325,1637084055
569,moul_c_21,1637084325,1637084055
570,moul_c_22,1637084325,1637084055
571,moul_c_23,1637084325,1637084055
572,moul_c_24,1637084325,1637084055
573,moul_c_25,1637084325,1637084055
574,moul_c_26,1637084325,1637084055
575,moul_c_27,1637084325,1637084055
576,moul_c_28,1637084325,1637084055
577,moul_s_1,1637084325,1637084055
578,moul_s_2,1637084325,1637084055
579,moul_s_3,1637084325,1637084055
580,moul_s_4,1637084325,0
581,moul_s_5_this_ones_a_doozy,1637084325,1637084055
582,moul_d_1,1637084325,1637084055
583,moul_d_2,1637084325,1637084055
584,moul_d_3,1637084325,1637084055
585,moul_d_4,1637084325,0
586,moul_d_5,1637084325,0
587,moul_d_6,1637084325,1637084055
588,moul_d_7,1637084325,1637084055
589,moul_d_8,1637084325,1637084055
590,moul_d_9,1637084325,1637084055
591,moul_d_10,1637084325,1637084055
592,moul_d_11,1637084325,1637084055
593,moul_d_12,1637084325,1637084055
594,moul_mix_1,1637084325,1637084055
595,moul_i_1,1637084325,1637084055
596,moul_i_2,1637084325,1637084055
597,moul_i_3,1637084325,1637084055
598,moul_i_4,1637084325,0
599,moul_i_5,1637084325,0
600,moul_i_6,1637084325,1637084055
601,moul_i_7,1637084325,1637084055
602,moul_i_8,1637084325,1637084055
603,moul_i_9,1637084325,1637084055
604,moul_i_10,1637084325,1637084055
605,moul_i_11,1637084325,1637084055
606,moul_i_12,1637084325,1637084055
607,moul_u_1,1637084325,1637084055
608,moul_u_2,1637084325,1637084055
609,moul_u_3,1637084325,1637084055
610,moul_u_4,1637084325,0
611,moul_u_5,1637084325,0
612,moul_u_6,1637084325,1637084055
613,moul_u_7,1637084325,1637084055
614,moul_u_8,1637084325,1637084055
615,moul_u_9,1637084325,1637084055
616,moul_u_10,1637084325,1637084055
617,moul_u_11,1637084325,1637084055
618,moul_u_12,1637084325,1637084055
619,moul_x_1,1637084325,1637084055
620,moul_x_2,1637084325,1637084055
621,moul_x_3,1637084325,1637084055
622,moul_x_4,1637084325,0
623,moul_x_5,1637084325,0
624,moul_x_6,1637084325,1637084055
625,moul_x_7,1637084325,1637084055
626,moul_x_8,1637084325,1637084055
627,moul_x_9,1637084325,1637084055
628,moul_x_10,1637084325,1637084055
629,moul_x_11,1637084325,1637084055
630,moul_x_12,1637084325,1637084055
631,moul_prec_1,1637084325,1637084055
632,moul_prec_3,1637084325,1637084055
633,moul_prec_4,1637084325,1637084055
634,moul_prec_5,1637084325,1637084055
635,moul_zeropad_1,1637084325,1637084055
636,moul_zeropad_2,1637084325,1637084055
637,moul_zeropad_3,1637084325,1637084055
638,moul_zeropad_4,1637084325,1637084055
639,moul_leftjusty_1,1637084325,1637084055
640,moul_leftjusty_2,1637084325,1637084055
641,moul_leftjusty_3,1637084325,1637084055
642,moul_leftjusty_4,1637084325,1637084055
643,moul_leftjusty_5,1637084325,1637084055
644,moul_leftjusty_6,1637084325,1637084055
645,moul_leftjusty_7,1637084325,1637084055
646,moul_star_1,1637084325,1637084055
647,moul_star_2,1637084325,1637084055
648,moul_star_3,1637084325,1637084055
649,moul_star_4,1637084325,1637084055
650,moul_star_5,1637084325,1637084055
651,mix_test_0,1637084325,1637084055
652,mix_test_1,1637084325,1637084055
653,mix_test_2,1637084325,1637084055
654,mix_test_3,1637084325,1637084055
655,mix_test_4,1637084325,1637084055
656,mix_test_5,1637084325,1637084055
657,mix_test_6,1637084325,1637084055
658,mix_test_7,1637084325,1637084055
659,mix_test_8,1637084325,1637084055
660,mix_test_9,1637084325,1637084055
661,mix_test_10,1637084325,1637084055
662,mix_test_11,1637084325,1637084055
663,mix_test_12,1637084325,1637084055
664,mix_test_13,1637084325,1637084055
665,mix_test_14,1637084325,1637084055
666,mix_test_15,1637084325,1637084055
667,mix_test_16,1637084325,1637084055
668,mix_test_17,1637084325,1637084055
669,mix_test_18,1637084325,1637084055
670,mix_test_19,1637084325,1637084055
671,mix_test_20,1637084325,1637084055
672,mix_test_21,1637084325,1637084055
673,mix_test_22,1637084325,1637084055
674,mix_test_23,1637084325,1637084055
675,mix_test_24,1637084325,1637084055
676,mix_test_25,1637084325,1637084055
677,mix_test_26,1637084325,1637084055
678,mix_test_27,1637084325,1637084055
679,mix_test_28,1637084325,1637084055
680,mix_test_29,1637084325,1637084055
681,mix_test_30,1637084325,1637084055
682,mix_test_31,1637084325,1637084055
683,mix_test_32,1637084325,1637084055
684,mix_test_33,1637084325,1637084055
685,mix_test_34,1637084325,1637084055
686,mix_test_35,1637084325,1637084055
687,mix_test_36,1637084325,1637084055
688,mix_test_37,1637084325,1637084055
689,mix_test_38,1637084325,1637084055
690,mix_test_39,1637084325,1637084055
691,mix_test_40,1637084325,1637084055
692,mix_test_41,1637084325,1637084055
693,mix_test_42,1637084325,1637084055
694,mix_test_43,1637084325,1637084055
695,mix_test_44,1637084325,1637084055
696,mix_test_45,1637084325,1637084055
697,mix_test_46,1637084325,1637084055
698,mix_test_47,1637084325,1637084055
699,mix_test_48,1637084325,1637084055
700,mix_test_49,1637084325,1637084055
701,mix_test_50,1637084325,1637084055
702,mix_test_51,1637084325,1637084055
703,mix_test_52,1637084325,1637084055
704,mix_test_53,1637084325,1637084055
705,mix_test_54,1637084325,1637084055
706,mix_test_55,1637084325,1637084055
707,mix_test_56,1637084325,1637084055
708,mix_test_57,1637084325,1637084055
709,mix_test_58,1637084325,1637084055
710,mix_test_59,1637084325,1637084055
711,mix_test_60,1637084325,1637084055
712,mix_test_61,1637084325,1637084055
713,mix_test_62,1637084325,1637084055
714,mix_test_63,1637084325,1637084055
715,mix_test_64,1637084325,1637084055
716,mix_test_65,1637084325,1637084055
717,mix_test_66,1637084325,1637084055
718,mix_test_67,1637084325,1637084055
719,mix_test_68,1637084325,1637084055
720,mix_test_69,1637084325,1637084055
721,mix_test_70,1637084325,1637084055
722,mix_test_71,1637084325,1637084055
723,mix_test_72,1637084325,1637084055
724,mix_test_73,1637084325,1637084055
725,mix_test_74,1637084325,1637084055
726,mix_test_75,1637084325,1637084055
727,mix_test_76,1637084325,1637084055
728,mix_test_77,1637084325,1637084055
729,mix_test_78,1637084325,1637084055
730,mix_test_79,1637084325,1637084055
731,mix_test_80,1637084325,1637084055
732,mix_test_81,1637084325,1637084055
733,mix_test_82,1637084325,1637084055
734,mix_test_83,1637084325,1637084055
735,mix_test_84,1637084325,1637084055
736,mix_test_85,1637084325,1637084055
737,mix_test_86,1637084325,1637084055
738,mix_test_87,1637084325,1637084055
739,mix_test_88,1637084325,1637084055
740,mix_test_89,1637084325,1637084055
741,mix_test_90,1637084325,1637084055
742,mix_test_91,1637084325,1637084055
743,mix_test_92,1637084325,1637084055
744,mix_test_93,1637084325,1637084055
745,mix_test_94,1637084325,1637084055
746,mix_test_95,1637084325,1637084055
747,mix_test_96,1637084325,1637084055
748,mix_test_97,1637084325,1637084055
749,mix_test_98,1637084325,1637084055
750,mix_test_99,1637084325,1637084055
751,mix_successive_0,1637084325,1637084055
752,mix_successive_4,1637084325,1637084055
753,mix_successive_6,1637084325,1637084055
754,mix_successive_10,1637084325,1637084055
755,mix_successive_16,1637084325,1637084055
756,mix_successive_20,1637084325,1637084055
757,mix_successive_21,1637084325,1637084055
758,mix_successive_28,1637084325,1637084055
759,mix_successive_30,1637084325,1637084055
760,mix_successive_31,1637084325,1637084055
761,mix_successive_32,1637084325,1637084055
762,mix_successive_39,1637084325,1637084055
763,mix_successive_40,1637084325,1637084055
764,mix_successive_42,1637084325,1637084055
765,mix_successive_43,1637084325,1637084055
766,mix_successive_45,1637084325,1637084055
767,mix_successive_46,1637084325,1637084055
768,mix_successive_61,1637084325,1637084055
769,mix_successive_64,1637084325,1637084055
4186,d_neg_prec_star_01,1637084325,1637084055
4187,d_neg_prec_star_02,1637084325,1637084055
4188,d_neg_prec_star_03,1637084325,1637084055
4189,u_neg_prec_star_01,1637084325,1637084055
4190,u_neg_prec_star_02,1637084325,1637084055
4191,u_neg_prec_star_03,1637084325,1637084055
4192,notintsubject_o_neg_prec_star_01,0,1637084325
4193,notintsubject_o_neg_prec_star_02,0,1637084325
4194,notintsubject_o_neg_prec_star_03,0,1637084325
4195,x_neg_prec_star_01,1637084325,1637084055
4196,x_neg_prec_star_02,1637084325,1637084055
4197,x_neg_prec_star_03,1637084325,1637084055
4198,X_neg_prec_star_01,1637084325,1637084055
4199,X_neg_prec_star_02,1637084325,1637084055
4200,X_neg_prec_star_03,1637084325,1637084055
4201,s_neg_prec_star_01,1637084325,1637084055
4202,s_neg_prec_star_02,1637084325,1637084055
4203,p_neg_prec_star_01,1637084325,1637084055
4204,p_neg_prec_star_02,1637084325,1637084055
4205,p_neg_prec_star_03,1637084325,1637084055
4206,p_neg_prec_star_04,1637084325,1637084055
